﻿{"cameraMode":{"drawMode":0,"name":"Shaded","section":"Shading Mode"},"sceneLighting":false,"audioPlay":false,"sceneViewState":{"showFog":true,"showMaterialUpdate":false,"showSkybox":false,"showFlares":true,"showImageEffects":true,"showParticleSystems":true},"in2DMode":false,"pivot":{"x":3.2721328735351564,"y":12.828629493713379,"z":-38.06124496459961},"rotation":{"x":0.2312125265598297,"y":-8.593059597217234e-9,"z":-6.004812203030951e-10,"w":0.9729025959968567},"size":7.000357151031494,"orthographic":false}